{"assets/btn_back.png":["assets/btn_back.png"],"assets/btn_map.png":["assets/btn_map.png"],"assets/btn_wishlist.png":["assets/btn_wishlist.png"],"assets/btn_wishlist_filled.png":["assets/btn_wishlist_filled.png"],"assets/city1.png":["assets/city1.png"],"assets/city2.png":["assets/city2.png"],"assets/city3.png":["assets/city3.png"],"assets/city4.png":["assets/city4.png"],"assets/city5.png":["assets/city5.png"],"assets/city6.png":["assets/city6.png"],"assets/error.png":["assets/error.png"],"assets/icon_card.png":["assets/icon_card.png"],"assets/icon_home.png":["assets/icon_home.png"],"assets/icon_logo.png":["assets/icon_logo.png"],"assets/icon_love.png":["assets/icon_love.png"],"assets/icon_mail.png":["assets/icon_mail.png"],"assets/iconbedroom.png":["assets/iconbedroom.png"],"assets/iconcupboard.png":["assets/iconcupboard.png"],"assets/iconkitchen.png":["assets/iconkitchen.png"],"assets/iconstar.png":["assets/iconstar.png"],"assets/iconstargrey.png":["assets/iconstargrey.png"],"assets/logo.png":["assets/logo.png"],"assets/pic1.png":["assets/pic1.png"],"assets/pic2.png":["assets/pic2.png"],"assets/pic3.png":["assets/pic3.png"],"assets/space1.png":["assets/space1.png"],"assets/space2.png":["assets/space2.png"],"assets/space3.png":["assets/space3.png"],"assets/splash_image.png":["assets/splash_image.png"],"assets/thumbnail.png":["assets/thumbnail.png"],"assets/tips1.png":["assets/tips1.png"],"assets/tips2.png":["assets/tips2.png"],"packages/cupertino_icons/assets/CupertinoIcons.ttf":["packages/cupertino_icons/assets/CupertinoIcons.ttf"]}